"models","res","inst_id_hist","inst_id_ssp","vl","gl","n_files_h","n_files_h.1","n_files_f","pr_h","pr_ssp245","pr_ssp370","pr_ssp585","tasmax_h","tasmax_ssp245","tasmax_ssp370","tasmax_ssp585","tasmin_h","tasmin_ssp245","tasmin_ssp370","tasmin_ssp585","node","dataroot_hist","dataroot_ssp","path_hist","path_ssp","lat_res","lon_res","lat_length","lon_length","X","year"
"CMCC-ESM2",100,"CMCC","CMCC","r1i1p1f1","gn",2,2,4,20210114,20210129,20210202,20210126,20210114,20210129,20210202,20210126,20210114,20210129,20210202,20210126,"esgf-node2.cmcc.it","esg_dataroot","esg_dataroot","CMIP6/CMIP","CMIP6/ScenarioMIP",0.9375,1.25,NA,NA,"","19750101-19991231"
"EC-Earth3",100,"EC-Earth-Consortium","EC-Earth-Consortium","r1i1p1f1","gr",35,35,86,20200310,20200310,20200310,20200310,20200310,20200310,20200310,20200310,20200310,20200310,20200310,20200310,"esgf3.dkrz.de","cmip6","cmip6","CMIP","ScenarioMIP",0.703125,0.703125,NA,NA,"","19800101-19801231"
"EC-Earth3-Veg",100,"EC-Earth-Consortium","EC-Earth-Consortium","r1i1p1f1","gr",35,35,86,20211207,20221112,20221112,20221112,20211207,20221112,20221112,20221112,20211207,20221112,20221112,20221112,"esg-dn1.nsc.liu.se","esg_dataroot6","esg_dataroot10","cmip6data/CMIP6/CMIP","cmip6data/CMIP6/ScenarioMIP",0.703125,0.703125,NA,NA,"","19800101-19801231"
"GFDL-ESM4",100,"NOAA-GFDL","NOAA-GFDL","r1i1p1f1","gr1",3,3,5,20190726,20180701,20180701,20180701,20190726,20180701,20180701,20180701,20190726,20180701,20180701,20180701,"esgf-data1.llnl.gov","css03_data","css03_data","CMIP6/CMIP","CMIP6/ScenarioMIP",1,1.25,NA,NA,"","19700101-19891231"
"INM-CM4-8",100,"INM","INM","r1i1p1f1","gr1",2,2,2,20190530,20190603,20190603,20190603,20190530,20190603,20190603,20190603,20190530,20190603,20190603,20190603,"esgf3.dkrz.de","cmip6","cmip6","CMIP","ScenarioMIP",1.5,2,NA,NA,"","19500101-19991231"
"INM-CM5-0",100,"INM","INM","r1i1p1f1","gr1",2,2,2,20190610,20190619,20190618,20190724,20190610,20190619,20190618,20190724,20190610,20190619,20190618,20190724,"esgf3.dkrz.de","cmip6","cmip6","CMIP","ScenarioMIP",1.5,2,NA,NA,"","19500101-19991231"
"MPI-ESM1-2-HR",100,"MPI-M","DKRZ","r1i1p1f1","gn",7,7,18,20190710,20190710,20190710,20190710,20190710,20190710,20190710,20190710,20190710,20190710,20190710,20190710,"esgf-data1.llnl.gov","css03_data","css03_data","CMIP6/CMIP","CMIP6/ScenarioMIP",0.9375,0.9375,NA,NA,"","19800101-19841231"
"NorESM2-MM",100,"NCC","NCC","r1i1p1f1","gn",4,4,9,20191108,20191108,20191108,20191108,20191108,20191108,20191108,20191108,20191108,20191108,20191108,20191108,"noresg.nird.sigma2.no","esg_dataroot","esg_dataroot","cmor/CMIP6/CMIP","cmor/CMIP6/ScenarioMIP",0.9375,1.25,NA,NA,"","19800101-19891231"
"TaiESM1",100,"AS-RCEC","AS-RCEC","r1i1p1f1","gn",4,4,9,20200626,20210222,20210323,20200902,20200218,20210222,20210323,20210512,20200218,20210222,20210323,20210721,"esgf-data1.llnl.gov","css03_data","css03_data","CMIP6/CMIP","CMIP6/ScenarioMIP",0.9375,1.25,NA,NA,"","19800101-19891231"
"CNRM-CM6-1",250,"CNRM-CERFACS","CNRM-CERFACS","r1i1p1f2","gr",1,2,1,20180917,20190219,20190219,20190219,20180917,20190219,20190219,20190219,20180917,20190219,20190219,20190219,"esgf-node.ornl.gov","css03_data","css03_data","CMIP6/CMIP","CMIP6/ScenarioMIP",1.40625,1.40625,11,18,"","18500101-20141231"
"ACCESS-CM2",250,"CSIRO-ARCCSS","CSIRO-ARCCSS","r1i1p1f1","gn",2,2,2,20191108,20191108,20191108,20210317,20191108,20191108,20191108,20210317,20191108,20191108,20191108,20210317,"esgf.nci.org.au","master","master","CMIP6/CMIP","CMIP6/ScenarioMIP",1.25,1.875,12,15,"","19500101-19991231"
"ACCESS-ESM1-5",250,"CSIRO","CSIRO","r1i1p1f1","gn",2,2,2,20191115,20191115,20191115,20210318,20191115,20191115,20191115,20210318,20191115,20191115,20191115,20210318,"esgf.nci.org.au","master","master","CMIP6/CMIP","CMIP6/ScenarioMIP",1.24137931,1.875,12,15,"","19500101-19991231"
"CNRM-ESM2-1",250,"CNRM-CERFACS","CNRM-CERFACS","r1i1p1f2","gr",1,2,1,20181206,20190328,20191021,20191021,20181206,20190328,20191021,20191021,20181206,20190328,20191021,20191021,"esgf-node.ornl.gov","css03_data","css03_data","CMIP6/CMIP","CMIP6/ScenarioMIP",1.40625,1.40625,11,18,"","18500101-20141231"
"IPSL-CM6A-LR",250,"IPSL","IPSL","r1i1p1f1","gr",1,1,1,20180803,20190119,20190119,20190903,20190614,20190614,20190614,20190903,20180803,20190119,20190119,20190903,"esgf-node.ornl.gov","css03_data","css03_data","CMIP6/CMIP","CMIP6/ScenarioMIP",1.258741259,2.5,12,12,"","18500101-20141231"
"KACE-1-0-G",250,"NIMS-KMA","NIMS-KMA","r1i1p1f1","gr",1,1,1,20190911,20191125,20191125,20190920,20200316,20200317,20200317,20200317,20200316,20200317,20200317,20200317,"esgf-data1.llnl.gov","css03_data","css03_data","CMIP6/CMIP","CMIP6/ScenarioMIP",1.25,1.875,12,15,"ScenarioMIP/ssp245/t2/aa008u-day/CMIP6/ScenarioMIP","18500101-20141230"
"MIROC6",250,"MIROC","MIROC","r1i1p1f1","gn",4,4,9,20191016,20191016,20191016,20191016,20191016,20191016,20191016,20191016,20191016,20191016,20191016,20191016,"esgf-data1.llnl.gov","css03_data","css03_data","CMIP6/CMIP","CMIP6/ScenarioMIP",1.40625,1.40625,11,18,"ScenarioMIP/ssp370/t2/aa005r-day/CMIP6/ScenarioMIP","19800101-19891231"
"NorESM2-LM",250,"NCC","NCC","r1i1p1f1","gn",4,4,9,20190815,20191108,20191108,20191108,20190815,20191108,20191108,20191108,20190815,20191108,20191108,20191108,"noresg.nird.sigma2.no","esg_dataroot","esg_dataroot","cmor/CMIP6/CMIP","cmor/CMIP6/ScenarioMIP",1.875,2.5,9,12,"","19800101-19891231"
